<annotation>
	<folder>latests</folder>
	<filename>1651167239773274064.png</filename>
	<path>/home/oscar/Desktop/pi-camera-stream-flask/image_collection/latests/1651167239773274064.png</path>
	<source>
		<database>Unknown</database>
	</source>
	<size>
		<width>640</width>
		<height>480</height>
		<depth>3</depth>
	</size>
	<segmented>0</segmented>
	<object>
		<name>Pablo</name>
		<pose>Unspecified</pose>
		<truncated>0</truncated>
		<difficult>0</difficult>
		<bndbox>
			<xmin>169</xmin>
			<ymin>162</ymin>
			<xmax>277</xmax>
			<ymax>273</ymax>
		</bndbox>
	</object>
	<object>
		<name>Chipper</name>
		<pose>Unspecified</pose>
		<truncated>0</truncated>
		<difficult>0</difficult>
		<bndbox>
			<xmin>329</xmin>
			<ymin>160</ymin>
			<xmax>392</xmax>
			<ymax>329</ymax>
		</bndbox>
	</object>
</annotation>
