<annotation>
	<folder>latests</folder>
	<filename>1651167225931366754.png</filename>
	<path>/home/oscar/Desktop/pi-camera-stream-flask/image_collection/latests/1651167225931366754.png</path>
	<source>
		<database>Unknown</database>
	</source>
	<size>
		<width>640</width>
		<height>480</height>
		<depth>3</depth>
	</size>
	<segmented>0</segmented>
	<object>
		<name>Chipper</name>
		<pose>Unspecified</pose>
		<truncated>0</truncated>
		<difficult>0</difficult>
		<bndbox>
			<xmin>225</xmin>
			<ymin>229</ymin>
			<xmax>381</xmax>
			<ymax>308</ymax>
		</bndbox>
	</object>
	<object>
		<name>Pablo</name>
		<pose>Unspecified</pose>
		<truncated>0</truncated>
		<difficult>0</difficult>
		<bndbox>
			<xmin>318</xmin>
			<ymin>60</ymin>
			<xmax>366</xmax>
			<ymax>99</ymax>
		</bndbox>
	</object>
</annotation>
