<annotation>
	<folder>latests</folder>
	<filename>1651167285227093728.png</filename>
	<path>/home/oscar/Desktop/pi-camera-stream-flask/image_collection/latests/1651167285227093728.png</path>
	<source>
		<database>Unknown</database>
	</source>
	<size>
		<width>640</width>
		<height>480</height>
		<depth>3</depth>
	</size>
	<segmented>0</segmented>
	<object>
		<name>Thomas</name>
		<pose>Unspecified</pose>
		<truncated>1</truncated>
		<difficult>0</difficult>
		<bndbox>
			<xmin>24</xmin>
			<ymin>1</ymin>
			<xmax>475</xmax>
			<ymax>449</ymax>
		</bndbox>
	</object>
</annotation>
