<annotation>
	<folder>latests</folder>
	<filename>1651167237679205887.png</filename>
	<path>/home/oscar/Desktop/pi-camera-stream-flask/image_collection/latests/1651167237679205887.png</path>
	<source>
		<database>Unknown</database>
	</source>
	<size>
		<width>640</width>
		<height>480</height>
		<depth>3</depth>
	</size>
	<segmented>0</segmented>
	<object>
		<name>Chipper</name>
		<pose>Unspecified</pose>
		<truncated>0</truncated>
		<difficult>0</difficult>
		<bndbox>
			<xmin>334</xmin>
			<ymin>284</ymin>
			<xmax>481</xmax>
			<ymax>394</ymax>
		</bndbox>
	</object>
	<object>
		<name>Pablo</name>
		<pose>Unspecified</pose>
		<truncated>0</truncated>
		<difficult>0</difficult>
		<bndbox>
			<xmin>123</xmin>
			<ymin>198</ymin>
			<xmax>214</xmax>
			<ymax>299</ymax>
		</bndbox>
	</object>
</annotation>
