<annotation>
	<folder>latests</folder>
	<filename>1651167318157702173.png</filename>
	<path>/home/oscar/Desktop/pi-camera-stream-flask/image_collection/latests/1651167318157702173.png</path>
	<source>
		<database>Unknown</database>
	</source>
	<size>
		<width>640</width>
		<height>480</height>
		<depth>3</depth>
	</size>
	<segmented>0</segmented>
	<object>
		<name>Pablo</name>
		<pose>Unspecified</pose>
		<truncated>0</truncated>
		<difficult>0</difficult>
		<bndbox>
			<xmin>263</xmin>
			<ymin>78</ymin>
			<xmax>377</xmax>
			<ymax>205</ymax>
		</bndbox>
	</object>
	<object>
		<name>Chipper</name>
		<pose>Unspecified</pose>
		<truncated>0</truncated>
		<difficult>0</difficult>
		<bndbox>
			<xmin>415</xmin>
			<ymin>75</ymin>
			<xmax>572</xmax>
			<ymax>223</ymax>
		</bndbox>
	</object>
</annotation>
