<annotation>
	<folder>latests</folder>
	<filename>1651167229078102623.png</filename>
	<path>/home/oscar/Desktop/pi-camera-stream-flask/image_collection/latests/1651167229078102623.png</path>
	<source>
		<database>Unknown</database>
	</source>
	<size>
		<width>640</width>
		<height>480</height>
		<depth>3</depth>
	</size>
	<segmented>0</segmented>
	<object>
		<name>Pablo</name>
		<pose>Unspecified</pose>
		<truncated>0</truncated>
		<difficult>0</difficult>
		<bndbox>
			<xmin>186</xmin>
			<ymin>88</ymin>
			<xmax>355</xmax>
			<ymax>214</ymax>
		</bndbox>
	</object>
	<object>
		<name>Chipper</name>
		<pose>Unspecified</pose>
		<truncated>0</truncated>
		<difficult>0</difficult>
		<bndbox>
			<xmin>45</xmin>
			<ymin>305</ymin>
			<xmax>162</xmax>
			<ymax>439</ymax>
		</bndbox>
	</object>
</annotation>
